PRAGMA foreign_keys=OFF;
BEGIN TRANSACTION;
CREATE TABLE IF NOT EXISTS "django_migrations" ("id" integer NOT NULL PRIMARY KEY AUTOINCREMENT, "app" varchar(255) NOT NULL, "name" varchar(255) NOT NULL, "applied" datetime NOT NULL);
INSERT INTO django_migrations VALUES(1,'contenttypes','0001_initial','2020-07-16 00:38:42.662721');
INSERT INTO django_migrations VALUES(2,'auth','0001_initial','2020-07-16 00:38:42.678234');
INSERT INTO django_migrations VALUES(3,'admin','0001_initial','2020-07-16 00:38:42.690903');
INSERT INTO django_migrations VALUES(4,'admin','0002_logentry_remove_auto_add','2020-07-16 00:38:42.703819');
INSERT INTO django_migrations VALUES(5,'admin','0003_logentry_add_action_flag_choices','2020-07-16 00:38:42.714632');
INSERT INTO django_migrations VALUES(6,'contenttypes','0002_remove_content_type_name','2020-07-16 00:38:42.737643');
INSERT INTO django_migrations VALUES(7,'auth','0002_alter_permission_name_max_length','2020-07-16 00:38:42.746772');
INSERT INTO django_migrations VALUES(8,'auth','0003_alter_user_email_max_length','2020-07-16 00:38:42.758466');
INSERT INTO django_migrations VALUES(9,'auth','0004_alter_user_username_opts','2020-07-16 00:38:42.769461');
INSERT INTO django_migrations VALUES(10,'auth','0005_alter_user_last_login_null','2020-07-16 00:38:42.781311');
INSERT INTO django_migrations VALUES(11,'auth','0006_require_contenttypes_0002','2020-07-16 00:38:42.783381');
INSERT INTO django_migrations VALUES(12,'auth','0007_alter_validators_add_error_messages','2020-07-16 00:38:42.793592');
INSERT INTO django_migrations VALUES(13,'auth','0008_alter_user_username_max_length','2020-07-16 00:38:42.803961');
INSERT INTO django_migrations VALUES(14,'auth','0009_alter_user_last_name_max_length','2020-07-16 00:38:42.813768');
INSERT INTO django_migrations VALUES(15,'auth','0010_alter_group_name_max_length','2020-07-16 00:38:42.823136');
INSERT INTO django_migrations VALUES(16,'auth','0011_update_proxy_permissions','2020-07-16 00:38:42.830737');
INSERT INTO django_migrations VALUES(17,'sessions','0001_initial','2020-07-16 00:38:42.833897');
CREATE TABLE IF NOT EXISTS "auth_group_permissions" ("id" integer NOT NULL PRIMARY KEY AUTOINCREMENT, "group_id" integer NOT NULL REFERENCES "auth_group" ("id") DEFERRABLE INITIALLY DEFERRED, "permission_id" integer NOT NULL REFERENCES "auth_permission" ("id") DEFERRABLE INITIALLY DEFERRED);
CREATE TABLE IF NOT EXISTS "auth_user_groups" ("id" integer NOT NULL PRIMARY KEY AUTOINCREMENT, "user_id" integer NOT NULL REFERENCES "auth_user" ("id") DEFERRABLE INITIALLY DEFERRED, "group_id" integer NOT NULL REFERENCES "auth_group" ("id") DEFERRABLE INITIALLY DEFERRED);
CREATE TABLE IF NOT EXISTS "auth_user_user_permissions" ("id" integer NOT NULL PRIMARY KEY AUTOINCREMENT, "user_id" integer NOT NULL REFERENCES "auth_user" ("id") DEFERRABLE INITIALLY DEFERRED, "permission_id" integer NOT NULL REFERENCES "auth_permission" ("id") DEFERRABLE INITIALLY DEFERRED);
CREATE TABLE IF NOT EXISTS "django_admin_log" ("id" integer NOT NULL PRIMARY KEY AUTOINCREMENT, "action_time" datetime NOT NULL, "object_id" text NULL, "object_repr" varchar(200) NOT NULL, "change_message" text NOT NULL, "content_type_id" integer NULL REFERENCES "django_content_type" ("id") DEFERRABLE INITIALLY DEFERRED, "user_id" integer NOT NULL REFERENCES "auth_user" ("id") DEFERRABLE INITIALLY DEFERRED, "action_flag" smallint unsigned NOT NULL CHECK ("action_flag" >= 0));
CREATE TABLE IF NOT EXISTS "django_content_type" ("id" integer NOT NULL PRIMARY KEY AUTOINCREMENT, "app_label" varchar(100) NOT NULL, "model" varchar(100) NOT NULL);
INSERT INTO django_content_type VALUES(1,'admin','logentry');
INSERT INTO django_content_type VALUES(2,'auth','permission');
INSERT INTO django_content_type VALUES(3,'auth','group');
INSERT INTO django_content_type VALUES(4,'auth','user');
INSERT INTO django_content_type VALUES(5,'contenttypes','contenttype');
INSERT INTO django_content_type VALUES(6,'sessions','session');
CREATE TABLE IF NOT EXISTS "auth_permission" ("id" integer NOT NULL PRIMARY KEY AUTOINCREMENT, "content_type_id" integer NOT NULL REFERENCES "django_content_type" ("id") DEFERRABLE INITIALLY DEFERRED, "codename" varchar(100) NOT NULL, "name" varchar(255) NOT NULL);
INSERT INTO auth_permission VALUES(1,1,'add_logentry','Can add log entry');
INSERT INTO auth_permission VALUES(2,1,'change_logentry','Can change log entry');
INSERT INTO auth_permission VALUES(3,1,'delete_logentry','Can delete log entry');
INSERT INTO auth_permission VALUES(4,1,'view_logentry','Can view log entry');
INSERT INTO auth_permission VALUES(5,2,'add_permission','Can add permission');
INSERT INTO auth_permission VALUES(6,2,'change_permission','Can change permission');
INSERT INTO auth_permission VALUES(7,2,'delete_permission','Can delete permission');
INSERT INTO auth_permission VALUES(8,2,'view_permission','Can view permission');
INSERT INTO auth_permission VALUES(9,3,'add_group','Can add group');
INSERT INTO auth_permission VALUES(10,3,'change_group','Can change group');
INSERT INTO auth_permission VALUES(11,3,'delete_group','Can delete group');
INSERT INTO auth_permission VALUES(12,3,'view_group','Can view group');
INSERT INTO auth_permission VALUES(13,4,'add_user','Can add user');
INSERT INTO auth_permission VALUES(14,4,'change_user','Can change user');
INSERT INTO auth_permission VALUES(15,4,'delete_user','Can delete user');
INSERT INTO auth_permission VALUES(16,4,'view_user','Can view user');
INSERT INTO auth_permission VALUES(17,5,'add_contenttype','Can add content type');
INSERT INTO auth_permission VALUES(18,5,'change_contenttype','Can change content type');
INSERT INTO auth_permission VALUES(19,5,'delete_contenttype','Can delete content type');
INSERT INTO auth_permission VALUES(20,5,'view_contenttype','Can view content type');
INSERT INTO auth_permission VALUES(21,6,'add_session','Can add session');
INSERT INTO auth_permission VALUES(22,6,'change_session','Can change session');
INSERT INTO auth_permission VALUES(23,6,'delete_session','Can delete session');
INSERT INTO auth_permission VALUES(24,6,'view_session','Can view session');
CREATE TABLE IF NOT EXISTS "auth_user" ("id" integer NOT NULL PRIMARY KEY AUTOINCREMENT, "password" varchar(128) NOT NULL, "last_login" datetime NULL, "is_superuser" bool NOT NULL, "username" varchar(150) NOT NULL UNIQUE, "first_name" varchar(30) NOT NULL, "email" varchar(254) NOT NULL, "is_staff" bool NOT NULL, "is_active" bool NOT NULL, "date_joined" datetime NOT NULL, "last_name" varchar(150) NOT NULL);
INSERT INTO auth_user VALUES(1,'pbkdf2_sha256$180000$7v3eKZ6vx96i$YfEQLn4F/kv1PTIF3IFomRi8Yzsmp+ZGJtd9GOsT9rg=','2020-07-16 10:41:35.407141',1,'admin','','admin@admin.gov',1,1,'2020-07-16 00:46:05.310429','');
CREATE TABLE IF NOT EXISTS "auth_group" ("id" integer NOT NULL PRIMARY KEY AUTOINCREMENT, "name" varchar(150) NOT NULL UNIQUE);
CREATE TABLE IF NOT EXISTS "django_session" ("session_key" varchar(40) NOT NULL PRIMARY KEY, "session_data" text NOT NULL, "expire_date" datetime NOT NULL);
INSERT INTO django_session VALUES('jhdiubv7wib9rm2xo9hrdi6kt256uzis','NDdhMTJjZmE5Mzc1MWM1NmUyZTg3NjJhY2EyMzMxYjMzZWIyNTI2NTp7Il9hdXRoX3VzZXJfaWQiOiIxIiwiX2F1dGhfdXNlcl9iYWNrZW5kIjoiZGphbmdvLmNvbnRyaWIuYXV0aC5iYWNrZW5kcy5Nb2RlbEJhY2tlbmQiLCJfYXV0aF91c2VyX2hhc2giOiI2MTM3MDQ5ZGRkODY0Y2ZmZWJiOTUyZmY2NGE1YjhiZjFmYTRiMWFiIn0=','2020-07-30 01:18:33.440342');
INSERT INTO django_session VALUES('i4qcxmginy7h992jfyqyc487kd6g8ee1','NDdhMTJjZmE5Mzc1MWM1NmUyZTg3NjJhY2EyMzMxYjMzZWIyNTI2NTp7Il9hdXRoX3VzZXJfaWQiOiIxIiwiX2F1dGhfdXNlcl9iYWNrZW5kIjoiZGphbmdvLmNvbnRyaWIuYXV0aC5iYWNrZW5kcy5Nb2RlbEJhY2tlbmQiLCJfYXV0aF91c2VyX2hhc2giOiI2MTM3MDQ5ZGRkODY0Y2ZmZWJiOTUyZmY2NGE1YjhiZjFmYTRiMWFiIn0=','2020-07-30 01:18:46.398979');
INSERT INTO django_session VALUES('qes18ml23dwbkhlghquckzuwnoqbbx0j','NDdhMTJjZmE5Mzc1MWM1NmUyZTg3NjJhY2EyMzMxYjMzZWIyNTI2NTp7Il9hdXRoX3VzZXJfaWQiOiIxIiwiX2F1dGhfdXNlcl9iYWNrZW5kIjoiZGphbmdvLmNvbnRyaWIuYXV0aC5iYWNrZW5kcy5Nb2RlbEJhY2tlbmQiLCJfYXV0aF91c2VyX2hhc2giOiI2MTM3MDQ5ZGRkODY0Y2ZmZWJiOTUyZmY2NGE1YjhiZjFmYTRiMWFiIn0=','2020-07-30 01:19:39.715436');
INSERT INTO django_session VALUES('bj02wcy445882pgyk74kf1y6m2jankas','NDdhMTJjZmE5Mzc1MWM1NmUyZTg3NjJhY2EyMzMxYjMzZWIyNTI2NTp7Il9hdXRoX3VzZXJfaWQiOiIxIiwiX2F1dGhfdXNlcl9iYWNrZW5kIjoiZGphbmdvLmNvbnRyaWIuYXV0aC5iYWNrZW5kcy5Nb2RlbEJhY2tlbmQiLCJfYXV0aF91c2VyX2hhc2giOiI2MTM3MDQ5ZGRkODY0Y2ZmZWJiOTUyZmY2NGE1YjhiZjFmYTRiMWFiIn0=','2020-07-30 01:20:41.029384');
INSERT INTO django_session VALUES('gujgtz7fbvm0b6sx0ul01whcviz7gw0z','NDdhMTJjZmE5Mzc1MWM1NmUyZTg3NjJhY2EyMzMxYjMzZWIyNTI2NTp7Il9hdXRoX3VzZXJfaWQiOiIxIiwiX2F1dGhfdXNlcl9iYWNrZW5kIjoiZGphbmdvLmNvbnRyaWIuYXV0aC5iYWNrZW5kcy5Nb2RlbEJhY2tlbmQiLCJfYXV0aF91c2VyX2hhc2giOiI2MTM3MDQ5ZGRkODY0Y2ZmZWJiOTUyZmY2NGE1YjhiZjFmYTRiMWFiIn0=','2020-07-30 01:20:51.983203');
INSERT INTO django_session VALUES('iwtza0sjqkl1e9xwhmsa824oyg06186a','NDdhMTJjZmE5Mzc1MWM1NmUyZTg3NjJhY2EyMzMxYjMzZWIyNTI2NTp7Il9hdXRoX3VzZXJfaWQiOiIxIiwiX2F1dGhfdXNlcl9iYWNrZW5kIjoiZGphbmdvLmNvbnRyaWIuYXV0aC5iYWNrZW5kcy5Nb2RlbEJhY2tlbmQiLCJfYXV0aF91c2VyX2hhc2giOiI2MTM3MDQ5ZGRkODY0Y2ZmZWJiOTUyZmY2NGE1YjhiZjFmYTRiMWFiIn0=','2020-07-30 01:30:52.395880');
INSERT INTO django_session VALUES('9iu3dlgv4s39mphuivd2rlk93rg4eolp','NDdhMTJjZmE5Mzc1MWM1NmUyZTg3NjJhY2EyMzMxYjMzZWIyNTI2NTp7Il9hdXRoX3VzZXJfaWQiOiIxIiwiX2F1dGhfdXNlcl9iYWNrZW5kIjoiZGphbmdvLmNvbnRyaWIuYXV0aC5iYWNrZW5kcy5Nb2RlbEJhY2tlbmQiLCJfYXV0aF91c2VyX2hhc2giOiI2MTM3MDQ5ZGRkODY0Y2ZmZWJiOTUyZmY2NGE1YjhiZjFmYTRiMWFiIn0=','2020-07-30 01:30:52.545342');
INSERT INTO django_session VALUES('egvey92r68oxcg0nmzks7tsoig8zvpfj','NDdhMTJjZmE5Mzc1MWM1NmUyZTg3NjJhY2EyMzMxYjMzZWIyNTI2NTp7Il9hdXRoX3VzZXJfaWQiOiIxIiwiX2F1dGhfdXNlcl9iYWNrZW5kIjoiZGphbmdvLmNvbnRyaWIuYXV0aC5iYWNrZW5kcy5Nb2RlbEJhY2tlbmQiLCJfYXV0aF91c2VyX2hhc2giOiI2MTM3MDQ5ZGRkODY0Y2ZmZWJiOTUyZmY2NGE1YjhiZjFmYTRiMWFiIn0=','2020-07-30 01:30:52.698088');
INSERT INTO django_session VALUES('pcwhdtijse6croqt71fss8vrd8a13d87','NDdhMTJjZmE5Mzc1MWM1NmUyZTg3NjJhY2EyMzMxYjMzZWIyNTI2NTp7Il9hdXRoX3VzZXJfaWQiOiIxIiwiX2F1dGhfdXNlcl9iYWNrZW5kIjoiZGphbmdvLmNvbnRyaWIuYXV0aC5iYWNrZW5kcy5Nb2RlbEJhY2tlbmQiLCJfYXV0aF91c2VyX2hhc2giOiI2MTM3MDQ5ZGRkODY0Y2ZmZWJiOTUyZmY2NGE1YjhiZjFmYTRiMWFiIn0=','2020-07-30 01:30:52.847703');
INSERT INTO django_session VALUES('l011vhbj368wm2bvq1je0ppchcnvy2of','NDdhMTJjZmE5Mzc1MWM1NmUyZTg3NjJhY2EyMzMxYjMzZWIyNTI2NTp7Il9hdXRoX3VzZXJfaWQiOiIxIiwiX2F1dGhfdXNlcl9iYWNrZW5kIjoiZGphbmdvLmNvbnRyaWIuYXV0aC5iYWNrZW5kcy5Nb2RlbEJhY2tlbmQiLCJfYXV0aF91c2VyX2hhc2giOiI2MTM3MDQ5ZGRkODY0Y2ZmZWJiOTUyZmY2NGE1YjhiZjFmYTRiMWFiIn0=','2020-07-30 01:30:52.995529');
INSERT INTO django_session VALUES('vzqvzcz2bsk29vg0op5xtdtpt4eabdw8','NDdhMTJjZmE5Mzc1MWM1NmUyZTg3NjJhY2EyMzMxYjMzZWIyNTI2NTp7Il9hdXRoX3VzZXJfaWQiOiIxIiwiX2F1dGhfdXNlcl9iYWNrZW5kIjoiZGphbmdvLmNvbnRyaWIuYXV0aC5iYWNrZW5kcy5Nb2RlbEJhY2tlbmQiLCJfYXV0aF91c2VyX2hhc2giOiI2MTM3MDQ5ZGRkODY0Y2ZmZWJiOTUyZmY2NGE1YjhiZjFmYTRiMWFiIn0=','2020-07-30 01:30:53.157493');
INSERT INTO django_session VALUES('1qv0axuyw50gxq4vfbu6boiph3rxt4h0','NDdhMTJjZmE5Mzc1MWM1NmUyZTg3NjJhY2EyMzMxYjMzZWIyNTI2NTp7Il9hdXRoX3VzZXJfaWQiOiIxIiwiX2F1dGhfdXNlcl9iYWNrZW5kIjoiZGphbmdvLmNvbnRyaWIuYXV0aC5iYWNrZW5kcy5Nb2RlbEJhY2tlbmQiLCJfYXV0aF91c2VyX2hhc2giOiI2MTM3MDQ5ZGRkODY0Y2ZmZWJiOTUyZmY2NGE1YjhiZjFmYTRiMWFiIn0=','2020-07-30 01:30:53.305007');
INSERT INTO django_session VALUES('xsmhxtyjeb9k28h0ehv98jhm8otjil3g','NDdhMTJjZmE5Mzc1MWM1NmUyZTg3NjJhY2EyMzMxYjMzZWIyNTI2NTp7Il9hdXRoX3VzZXJfaWQiOiIxIiwiX2F1dGhfdXNlcl9iYWNrZW5kIjoiZGphbmdvLmNvbnRyaWIuYXV0aC5iYWNrZW5kcy5Nb2RlbEJhY2tlbmQiLCJfYXV0aF91c2VyX2hhc2giOiI2MTM3MDQ5ZGRkODY0Y2ZmZWJiOTUyZmY2NGE1YjhiZjFmYTRiMWFiIn0=','2020-07-30 01:30:53.455461');
INSERT INTO django_session VALUES('qmxcqwpb4rnck3hs0ux7ubnmzhvrj7hm','NDdhMTJjZmE5Mzc1MWM1NmUyZTg3NjJhY2EyMzMxYjMzZWIyNTI2NTp7Il9hdXRoX3VzZXJfaWQiOiIxIiwiX2F1dGhfdXNlcl9iYWNrZW5kIjoiZGphbmdvLmNvbnRyaWIuYXV0aC5iYWNrZW5kcy5Nb2RlbEJhY2tlbmQiLCJfYXV0aF91c2VyX2hhc2giOiI2MTM3MDQ5ZGRkODY0Y2ZmZWJiOTUyZmY2NGE1YjhiZjFmYTRiMWFiIn0=','2020-07-30 01:30:53.604099');
INSERT INTO django_session VALUES('rw93ctae7fosh8gkwzh0wtuvtxzm04qq','NDdhMTJjZmE5Mzc1MWM1NmUyZTg3NjJhY2EyMzMxYjMzZWIyNTI2NTp7Il9hdXRoX3VzZXJfaWQiOiIxIiwiX2F1dGhfdXNlcl9iYWNrZW5kIjoiZGphbmdvLmNvbnRyaWIuYXV0aC5iYWNrZW5kcy5Nb2RlbEJhY2tlbmQiLCJfYXV0aF91c2VyX2hhc2giOiI2MTM3MDQ5ZGRkODY0Y2ZmZWJiOTUyZmY2NGE1YjhiZjFmYTRiMWFiIn0=','2020-07-30 01:30:53.752140');
INSERT INTO django_session VALUES('ntpx89x6rk1228lkoe4zsx1obv7r9jlx','NDdhMTJjZmE5Mzc1MWM1NmUyZTg3NjJhY2EyMzMxYjMzZWIyNTI2NTp7Il9hdXRoX3VzZXJfaWQiOiIxIiwiX2F1dGhfdXNlcl9iYWNrZW5kIjoiZGphbmdvLmNvbnRyaWIuYXV0aC5iYWNrZW5kcy5Nb2RlbEJhY2tlbmQiLCJfYXV0aF91c2VyX2hhc2giOiI2MTM3MDQ5ZGRkODY0Y2ZmZWJiOTUyZmY2NGE1YjhiZjFmYTRiMWFiIn0=','2020-07-30 01:30:53.899793');
INSERT INTO django_session VALUES('x9yhk7rw7oevowr1vvf5r3z4fxvxje9f','NDdhMTJjZmE5Mzc1MWM1NmUyZTg3NjJhY2EyMzMxYjMzZWIyNTI2NTp7Il9hdXRoX3VzZXJfaWQiOiIxIiwiX2F1dGhfdXNlcl9iYWNrZW5kIjoiZGphbmdvLmNvbnRyaWIuYXV0aC5iYWNrZW5kcy5Nb2RlbEJhY2tlbmQiLCJfYXV0aF91c2VyX2hhc2giOiI2MTM3MDQ5ZGRkODY0Y2ZmZWJiOTUyZmY2NGE1YjhiZjFmYTRiMWFiIn0=','2020-07-30 01:30:54.047078');
INSERT INTO django_session VALUES('tjgc227wke3ori8f0k92wdj0epoliy4g','NDdhMTJjZmE5Mzc1MWM1NmUyZTg3NjJhY2EyMzMxYjMzZWIyNTI2NTp7Il9hdXRoX3VzZXJfaWQiOiIxIiwiX2F1dGhfdXNlcl9iYWNrZW5kIjoiZGphbmdvLmNvbnRyaWIuYXV0aC5iYWNrZW5kcy5Nb2RlbEJhY2tlbmQiLCJfYXV0aF91c2VyX2hhc2giOiI2MTM3MDQ5ZGRkODY0Y2ZmZWJiOTUyZmY2NGE1YjhiZjFmYTRiMWFiIn0=','2020-07-30 01:30:54.201770');
INSERT INTO django_session VALUES('ycnsjlxue9t266s1t3lt2glypq9flps1','NDdhMTJjZmE5Mzc1MWM1NmUyZTg3NjJhY2EyMzMxYjMzZWIyNTI2NTp7Il9hdXRoX3VzZXJfaWQiOiIxIiwiX2F1dGhfdXNlcl9iYWNrZW5kIjoiZGphbmdvLmNvbnRyaWIuYXV0aC5iYWNrZW5kcy5Nb2RlbEJhY2tlbmQiLCJfYXV0aF91c2VyX2hhc2giOiI2MTM3MDQ5ZGRkODY0Y2ZmZWJiOTUyZmY2NGE1YjhiZjFmYTRiMWFiIn0=','2020-07-30 01:30:54.356009');
INSERT INTO django_session VALUES('voz28v4bq1krpoazyt83s6x17hgsek3h','NDdhMTJjZmE5Mzc1MWM1NmUyZTg3NjJhY2EyMzMxYjMzZWIyNTI2NTp7Il9hdXRoX3VzZXJfaWQiOiIxIiwiX2F1dGhfdXNlcl9iYWNrZW5kIjoiZGphbmdvLmNvbnRyaWIuYXV0aC5iYWNrZW5kcy5Nb2RlbEJhY2tlbmQiLCJfYXV0aF91c2VyX2hhc2giOiI2MTM3MDQ5ZGRkODY0Y2ZmZWJiOTUyZmY2NGE1YjhiZjFmYTRiMWFiIn0=','2020-07-30 01:30:54.504239');
INSERT INTO django_session VALUES('4mybc28c94ygskuehgw32argtoq3b2cm','NDdhMTJjZmE5Mzc1MWM1NmUyZTg3NjJhY2EyMzMxYjMzZWIyNTI2NTp7Il9hdXRoX3VzZXJfaWQiOiIxIiwiX2F1dGhfdXNlcl9iYWNrZW5kIjoiZGphbmdvLmNvbnRyaWIuYXV0aC5iYWNrZW5kcy5Nb2RlbEJhY2tlbmQiLCJfYXV0aF91c2VyX2hhc2giOiI2MTM3MDQ5ZGRkODY0Y2ZmZWJiOTUyZmY2NGE1YjhiZjFmYTRiMWFiIn0=','2020-07-30 01:30:54.654038');
INSERT INTO django_session VALUES('gpqvbyd72b4dbu66l3uyjuyfuurunkw0','NDdhMTJjZmE5Mzc1MWM1NmUyZTg3NjJhY2EyMzMxYjMzZWIyNTI2NTp7Il9hdXRoX3VzZXJfaWQiOiIxIiwiX2F1dGhfdXNlcl9iYWNrZW5kIjoiZGphbmdvLmNvbnRyaWIuYXV0aC5iYWNrZW5kcy5Nb2RlbEJhY2tlbmQiLCJfYXV0aF91c2VyX2hhc2giOiI2MTM3MDQ5ZGRkODY0Y2ZmZWJiOTUyZmY2NGE1YjhiZjFmYTRiMWFiIn0=','2020-07-30 01:30:54.802336');
INSERT INTO django_session VALUES('eawgojzdjgd9rtvwrmguno04r8tyh2im','NDdhMTJjZmE5Mzc1MWM1NmUyZTg3NjJhY2EyMzMxYjMzZWIyNTI2NTp7Il9hdXRoX3VzZXJfaWQiOiIxIiwiX2F1dGhfdXNlcl9iYWNrZW5kIjoiZGphbmdvLmNvbnRyaWIuYXV0aC5iYWNrZW5kcy5Nb2RlbEJhY2tlbmQiLCJfYXV0aF91c2VyX2hhc2giOiI2MTM3MDQ5ZGRkODY0Y2ZmZWJiOTUyZmY2NGE1YjhiZjFmYTRiMWFiIn0=','2020-07-30 01:30:54.953944');
INSERT INTO django_session VALUES('ac1roj8uglv3t5cnmi3h6fmw8jc4ji5g','NDdhMTJjZmE5Mzc1MWM1NmUyZTg3NjJhY2EyMzMxYjMzZWIyNTI2NTp7Il9hdXRoX3VzZXJfaWQiOiIxIiwiX2F1dGhfdXNlcl9iYWNrZW5kIjoiZGphbmdvLmNvbnRyaWIuYXV0aC5iYWNrZW5kcy5Nb2RlbEJhY2tlbmQiLCJfYXV0aF91c2VyX2hhc2giOiI2MTM3MDQ5ZGRkODY0Y2ZmZWJiOTUyZmY2NGE1YjhiZjFmYTRiMWFiIn0=','2020-07-30 01:30:55.103664');
INSERT INTO django_session VALUES('gte35i1rcxam4fs4lfqwap66gdxrjzg5','NDdhMTJjZmE5Mzc1MWM1NmUyZTg3NjJhY2EyMzMxYjMzZWIyNTI2NTp7Il9hdXRoX3VzZXJfaWQiOiIxIiwiX2F1dGhfdXNlcl9iYWNrZW5kIjoiZGphbmdvLmNvbnRyaWIuYXV0aC5iYWNrZW5kcy5Nb2RlbEJhY2tlbmQiLCJfYXV0aF91c2VyX2hhc2giOiI2MTM3MDQ5ZGRkODY0Y2ZmZWJiOTUyZmY2NGE1YjhiZjFmYTRiMWFiIn0=','2020-07-30 01:30:55.254158');
INSERT INTO django_session VALUES('yqzx1nrtzuyxgqy10m0d0nc4d8hpsmud','NDdhMTJjZmE5Mzc1MWM1NmUyZTg3NjJhY2EyMzMxYjMzZWIyNTI2NTp7Il9hdXRoX3VzZXJfaWQiOiIxIiwiX2F1dGhfdXNlcl9iYWNrZW5kIjoiZGphbmdvLmNvbnRyaWIuYXV0aC5iYWNrZW5kcy5Nb2RlbEJhY2tlbmQiLCJfYXV0aF91c2VyX2hhc2giOiI2MTM3MDQ5ZGRkODY0Y2ZmZWJiOTUyZmY2NGE1YjhiZjFmYTRiMWFiIn0=','2020-07-30 01:30:55.404019');
INSERT INTO django_session VALUES('5e0x1kvsipe6plmkohlmsnli5dhm102s','NDdhMTJjZmE5Mzc1MWM1NmUyZTg3NjJhY2EyMzMxYjMzZWIyNTI2NTp7Il9hdXRoX3VzZXJfaWQiOiIxIiwiX2F1dGhfdXNlcl9iYWNrZW5kIjoiZGphbmdvLmNvbnRyaWIuYXV0aC5iYWNrZW5kcy5Nb2RlbEJhY2tlbmQiLCJfYXV0aF91c2VyX2hhc2giOiI2MTM3MDQ5ZGRkODY0Y2ZmZWJiOTUyZmY2NGE1YjhiZjFmYTRiMWFiIn0=','2020-07-30 01:30:55.550178');
INSERT INTO django_session VALUES('6oszntr30rvk055otpxqsk06vyi98tat','NDdhMTJjZmE5Mzc1MWM1NmUyZTg3NjJhY2EyMzMxYjMzZWIyNTI2NTp7Il9hdXRoX3VzZXJfaWQiOiIxIiwiX2F1dGhfdXNlcl9iYWNrZW5kIjoiZGphbmdvLmNvbnRyaWIuYXV0aC5iYWNrZW5kcy5Nb2RlbEJhY2tlbmQiLCJfYXV0aF91c2VyX2hhc2giOiI2MTM3MDQ5ZGRkODY0Y2ZmZWJiOTUyZmY2NGE1YjhiZjFmYTRiMWFiIn0=','2020-07-30 01:30:55.700813');
INSERT INTO django_session VALUES('kpqoolcb9fbd5vq2vpmyc866s4qrfat6','NDdhMTJjZmE5Mzc1MWM1NmUyZTg3NjJhY2EyMzMxYjMzZWIyNTI2NTp7Il9hdXRoX3VzZXJfaWQiOiIxIiwiX2F1dGhfdXNlcl9iYWNrZW5kIjoiZGphbmdvLmNvbnRyaWIuYXV0aC5iYWNrZW5kcy5Nb2RlbEJhY2tlbmQiLCJfYXV0aF91c2VyX2hhc2giOiI2MTM3MDQ5ZGRkODY0Y2ZmZWJiOTUyZmY2NGE1YjhiZjFmYTRiMWFiIn0=','2020-07-30 01:30:55.851755');
INSERT INTO django_session VALUES('p4a4h5te5hk3n1x09oyh6djkhsv9in2t','NDdhMTJjZmE5Mzc1MWM1NmUyZTg3NjJhY2EyMzMxYjMzZWIyNTI2NTp7Il9hdXRoX3VzZXJfaWQiOiIxIiwiX2F1dGhfdXNlcl9iYWNrZW5kIjoiZGphbmdvLmNvbnRyaWIuYXV0aC5iYWNrZW5kcy5Nb2RlbEJhY2tlbmQiLCJfYXV0aF91c2VyX2hhc2giOiI2MTM3MDQ5ZGRkODY0Y2ZmZWJiOTUyZmY2NGE1YjhiZjFmYTRiMWFiIn0=','2020-07-30 01:30:55.997846');
INSERT INTO django_session VALUES('x4xbru73nbf9t7df8sprge66g1tscw8x','NDdhMTJjZmE5Mzc1MWM1NmUyZTg3NjJhY2EyMzMxYjMzZWIyNTI2NTp7Il9hdXRoX3VzZXJfaWQiOiIxIiwiX2F1dGhfdXNlcl9iYWNrZW5kIjoiZGphbmdvLmNvbnRyaWIuYXV0aC5iYWNrZW5kcy5Nb2RlbEJhY2tlbmQiLCJfYXV0aF91c2VyX2hhc2giOiI2MTM3MDQ5ZGRkODY0Y2ZmZWJiOTUyZmY2NGE1YjhiZjFmYTRiMWFiIn0=','2020-07-30 01:30:56.144526');
INSERT INTO django_session VALUES('ihw82jb0zv9762fecw9aiix5hwtyih98','NDdhMTJjZmE5Mzc1MWM1NmUyZTg3NjJhY2EyMzMxYjMzZWIyNTI2NTp7Il9hdXRoX3VzZXJfaWQiOiIxIiwiX2F1dGhfdXNlcl9iYWNrZW5kIjoiZGphbmdvLmNvbnRyaWIuYXV0aC5iYWNrZW5kcy5Nb2RlbEJhY2tlbmQiLCJfYXV0aF91c2VyX2hhc2giOiI2MTM3MDQ5ZGRkODY0Y2ZmZWJiOTUyZmY2NGE1YjhiZjFmYTRiMWFiIn0=','2020-07-30 01:30:56.289637');
INSERT INTO django_session VALUES('4lxk2jxqd853bfgipupccgmbudf0aj8k','NDdhMTJjZmE5Mzc1MWM1NmUyZTg3NjJhY2EyMzMxYjMzZWIyNTI2NTp7Il9hdXRoX3VzZXJfaWQiOiIxIiwiX2F1dGhfdXNlcl9iYWNrZW5kIjoiZGphbmdvLmNvbnRyaWIuYXV0aC5iYWNrZW5kcy5Nb2RlbEJhY2tlbmQiLCJfYXV0aF91c2VyX2hhc2giOiI2MTM3MDQ5ZGRkODY0Y2ZmZWJiOTUyZmY2NGE1YjhiZjFmYTRiMWFiIn0=','2020-07-30 01:30:56.435709');
INSERT INTO django_session VALUES('6upzh2ja0e3ibc4wf9v74jg8iwg984s7','NDdhMTJjZmE5Mzc1MWM1NmUyZTg3NjJhY2EyMzMxYjMzZWIyNTI2NTp7Il9hdXRoX3VzZXJfaWQiOiIxIiwiX2F1dGhfdXNlcl9iYWNrZW5kIjoiZGphbmdvLmNvbnRyaWIuYXV0aC5iYWNrZW5kcy5Nb2RlbEJhY2tlbmQiLCJfYXV0aF91c2VyX2hhc2giOiI2MTM3MDQ5ZGRkODY0Y2ZmZWJiOTUyZmY2NGE1YjhiZjFmYTRiMWFiIn0=','2020-07-30 01:30:56.581985');
INSERT INTO django_session VALUES('oicbyn1krn875py67ub3dqhcc8gwfwk7','NDdhMTJjZmE5Mzc1MWM1NmUyZTg3NjJhY2EyMzMxYjMzZWIyNTI2NTp7Il9hdXRoX3VzZXJfaWQiOiIxIiwiX2F1dGhfdXNlcl9iYWNrZW5kIjoiZGphbmdvLmNvbnRyaWIuYXV0aC5iYWNrZW5kcy5Nb2RlbEJhY2tlbmQiLCJfYXV0aF91c2VyX2hhc2giOiI2MTM3MDQ5ZGRkODY0Y2ZmZWJiOTUyZmY2NGE1YjhiZjFmYTRiMWFiIn0=','2020-07-30 01:30:56.728610');
INSERT INTO django_session VALUES('g6yu42yjnwzkv6dzyk8d1fvdpbvnl5sm','NDdhMTJjZmE5Mzc1MWM1NmUyZTg3NjJhY2EyMzMxYjMzZWIyNTI2NTp7Il9hdXRoX3VzZXJfaWQiOiIxIiwiX2F1dGhfdXNlcl9iYWNrZW5kIjoiZGphbmdvLmNvbnRyaWIuYXV0aC5iYWNrZW5kcy5Nb2RlbEJhY2tlbmQiLCJfYXV0aF91c2VyX2hhc2giOiI2MTM3MDQ5ZGRkODY0Y2ZmZWJiOTUyZmY2NGE1YjhiZjFmYTRiMWFiIn0=','2020-07-30 01:30:56.876588');
INSERT INTO django_session VALUES('7g18qf8bj5ehyhic9n1ebnwfznjm7qjl','NDdhMTJjZmE5Mzc1MWM1NmUyZTg3NjJhY2EyMzMxYjMzZWIyNTI2NTp7Il9hdXRoX3VzZXJfaWQiOiIxIiwiX2F1dGhfdXNlcl9iYWNrZW5kIjoiZGphbmdvLmNvbnRyaWIuYXV0aC5iYWNrZW5kcy5Nb2RlbEJhY2tlbmQiLCJfYXV0aF91c2VyX2hhc2giOiI2MTM3MDQ5ZGRkODY0Y2ZmZWJiOTUyZmY2NGE1YjhiZjFmYTRiMWFiIn0=','2020-07-30 01:30:57.042068');
INSERT INTO django_session VALUES('mxcceu9pyhbzoynt09h4lpqft3benrqe','NDdhMTJjZmE5Mzc1MWM1NmUyZTg3NjJhY2EyMzMxYjMzZWIyNTI2NTp7Il9hdXRoX3VzZXJfaWQiOiIxIiwiX2F1dGhfdXNlcl9iYWNrZW5kIjoiZGphbmdvLmNvbnRyaWIuYXV0aC5iYWNrZW5kcy5Nb2RlbEJhY2tlbmQiLCJfYXV0aF91c2VyX2hhc2giOiI2MTM3MDQ5ZGRkODY0Y2ZmZWJiOTUyZmY2NGE1YjhiZjFmYTRiMWFiIn0=','2020-07-30 01:30:57.187533');
INSERT INTO django_session VALUES('89m8pjvnsoyhv2txqtu1jhmrz9tulx2u','NDdhMTJjZmE5Mzc1MWM1NmUyZTg3NjJhY2EyMzMxYjMzZWIyNTI2NTp7Il9hdXRoX3VzZXJfaWQiOiIxIiwiX2F1dGhfdXNlcl9iYWNrZW5kIjoiZGphbmdvLmNvbnRyaWIuYXV0aC5iYWNrZW5kcy5Nb2RlbEJhY2tlbmQiLCJfYXV0aF91c2VyX2hhc2giOiI2MTM3MDQ5ZGRkODY0Y2ZmZWJiOTUyZmY2NGE1YjhiZjFmYTRiMWFiIn0=','2020-07-30 01:30:57.335718');
INSERT INTO django_session VALUES('mn0h5wgvy0g7jje226bamtf3cwvdhmgw','NDdhMTJjZmE5Mzc1MWM1NmUyZTg3NjJhY2EyMzMxYjMzZWIyNTI2NTp7Il9hdXRoX3VzZXJfaWQiOiIxIiwiX2F1dGhfdXNlcl9iYWNrZW5kIjoiZGphbmdvLmNvbnRyaWIuYXV0aC5iYWNrZW5kcy5Nb2RlbEJhY2tlbmQiLCJfYXV0aF91c2VyX2hhc2giOiI2MTM3MDQ5ZGRkODY0Y2ZmZWJiOTUyZmY2NGE1YjhiZjFmYTRiMWFiIn0=','2020-07-30 01:30:57.485764');
INSERT INTO django_session VALUES('uat7eu37w9lxfqu15zkasf1fil541mbe','NDdhMTJjZmE5Mzc1MWM1NmUyZTg3NjJhY2EyMzMxYjMzZWIyNTI2NTp7Il9hdXRoX3VzZXJfaWQiOiIxIiwiX2F1dGhfdXNlcl9iYWNrZW5kIjoiZGphbmdvLmNvbnRyaWIuYXV0aC5iYWNrZW5kcy5Nb2RlbEJhY2tlbmQiLCJfYXV0aF91c2VyX2hhc2giOiI2MTM3MDQ5ZGRkODY0Y2ZmZWJiOTUyZmY2NGE1YjhiZjFmYTRiMWFiIn0=','2020-07-30 01:30:57.631755');
INSERT INTO django_session VALUES('4ecbnnqqhup7y570n1h5ffty8efa453n','NDdhMTJjZmE5Mzc1MWM1NmUyZTg3NjJhY2EyMzMxYjMzZWIyNTI2NTp7Il9hdXRoX3VzZXJfaWQiOiIxIiwiX2F1dGhfdXNlcl9iYWNrZW5kIjoiZGphbmdvLmNvbnRyaWIuYXV0aC5iYWNrZW5kcy5Nb2RlbEJhY2tlbmQiLCJfYXV0aF91c2VyX2hhc2giOiI2MTM3MDQ5ZGRkODY0Y2ZmZWJiOTUyZmY2NGE1YjhiZjFmYTRiMWFiIn0=','2020-07-30 01:30:57.783222');
INSERT INTO django_session VALUES('c227z9lwvutpt3snfdp7sa8ucqu9deo1','NDdhMTJjZmE5Mzc1MWM1NmUyZTg3NjJhY2EyMzMxYjMzZWIyNTI2NTp7Il9hdXRoX3VzZXJfaWQiOiIxIiwiX2F1dGhfdXNlcl9iYWNrZW5kIjoiZGphbmdvLmNvbnRyaWIuYXV0aC5iYWNrZW5kcy5Nb2RlbEJhY2tlbmQiLCJfYXV0aF91c2VyX2hhc2giOiI2MTM3MDQ5ZGRkODY0Y2ZmZWJiOTUyZmY2NGE1YjhiZjFmYTRiMWFiIn0=','2020-07-30 01:30:57.935751');
INSERT INTO django_session VALUES('o8ccxv7raqtggcqeqblqnnbhkds1wjhr','NDdhMTJjZmE5Mzc1MWM1NmUyZTg3NjJhY2EyMzMxYjMzZWIyNTI2NTp7Il9hdXRoX3VzZXJfaWQiOiIxIiwiX2F1dGhfdXNlcl9iYWNrZW5kIjoiZGphbmdvLmNvbnRyaWIuYXV0aC5iYWNrZW5kcy5Nb2RlbEJhY2tlbmQiLCJfYXV0aF91c2VyX2hhc2giOiI2MTM3MDQ5ZGRkODY0Y2ZmZWJiOTUyZmY2NGE1YjhiZjFmYTRiMWFiIn0=','2020-07-30 01:30:58.085729');
INSERT INTO django_session VALUES('xba1zhdyajjff57ihr0r32jt6x8yoca8','NDdhMTJjZmE5Mzc1MWM1NmUyZTg3NjJhY2EyMzMxYjMzZWIyNTI2NTp7Il9hdXRoX3VzZXJfaWQiOiIxIiwiX2F1dGhfdXNlcl9iYWNrZW5kIjoiZGphbmdvLmNvbnRyaWIuYXV0aC5iYWNrZW5kcy5Nb2RlbEJhY2tlbmQiLCJfYXV0aF91c2VyX2hhc2giOiI2MTM3MDQ5ZGRkODY0Y2ZmZWJiOTUyZmY2NGE1YjhiZjFmYTRiMWFiIn0=','2020-07-30 01:30:58.234160');
INSERT INTO django_session VALUES('r3dmtn9qxsoing3uc7iqrr6qtolbbrye','NDdhMTJjZmE5Mzc1MWM1NmUyZTg3NjJhY2EyMzMxYjMzZWIyNTI2NTp7Il9hdXRoX3VzZXJfaWQiOiIxIiwiX2F1dGhfdXNlcl9iYWNrZW5kIjoiZGphbmdvLmNvbnRyaWIuYXV0aC5iYWNrZW5kcy5Nb2RlbEJhY2tlbmQiLCJfYXV0aF91c2VyX2hhc2giOiI2MTM3MDQ5ZGRkODY0Y2ZmZWJiOTUyZmY2NGE1YjhiZjFmYTRiMWFiIn0=','2020-07-30 01:30:58.380412');
INSERT INTO django_session VALUES('02qtvgnjdsau56spm4nnxd9fkohftoue','NDdhMTJjZmE5Mzc1MWM1NmUyZTg3NjJhY2EyMzMxYjMzZWIyNTI2NTp7Il9hdXRoX3VzZXJfaWQiOiIxIiwiX2F1dGhfdXNlcl9iYWNrZW5kIjoiZGphbmdvLmNvbnRyaWIuYXV0aC5iYWNrZW5kcy5Nb2RlbEJhY2tlbmQiLCJfYXV0aF91c2VyX2hhc2giOiI2MTM3MDQ5ZGRkODY0Y2ZmZWJiOTUyZmY2NGE1YjhiZjFmYTRiMWFiIn0=','2020-07-30 01:30:58.525973');
INSERT INTO django_session VALUES('82q1d6fhokhodzv6j62fhcjd4fg0vpbz','NDdhMTJjZmE5Mzc1MWM1NmUyZTg3NjJhY2EyMzMxYjMzZWIyNTI2NTp7Il9hdXRoX3VzZXJfaWQiOiIxIiwiX2F1dGhfdXNlcl9iYWNrZW5kIjoiZGphbmdvLmNvbnRyaWIuYXV0aC5iYWNrZW5kcy5Nb2RlbEJhY2tlbmQiLCJfYXV0aF91c2VyX2hhc2giOiI2MTM3MDQ5ZGRkODY0Y2ZmZWJiOTUyZmY2NGE1YjhiZjFmYTRiMWFiIn0=','2020-07-30 01:30:58.673415');
INSERT INTO django_session VALUES('c7qbd7jn4iv71u5lt2gg32mdvsntu5xq','NDdhMTJjZmE5Mzc1MWM1NmUyZTg3NjJhY2EyMzMxYjMzZWIyNTI2NTp7Il9hdXRoX3VzZXJfaWQiOiIxIiwiX2F1dGhfdXNlcl9iYWNrZW5kIjoiZGphbmdvLmNvbnRyaWIuYXV0aC5iYWNrZW5kcy5Nb2RlbEJhY2tlbmQiLCJfYXV0aF91c2VyX2hhc2giOiI2MTM3MDQ5ZGRkODY0Y2ZmZWJiOTUyZmY2NGE1YjhiZjFmYTRiMWFiIn0=','2020-07-30 01:30:58.824050');
INSERT INTO django_session VALUES('h132vvm1wk9kuse202gi0h6bptmr0ocr','NDdhMTJjZmE5Mzc1MWM1NmUyZTg3NjJhY2EyMzMxYjMzZWIyNTI2NTp7Il9hdXRoX3VzZXJfaWQiOiIxIiwiX2F1dGhfdXNlcl9iYWNrZW5kIjoiZGphbmdvLmNvbnRyaWIuYXV0aC5iYWNrZW5kcy5Nb2RlbEJhY2tlbmQiLCJfYXV0aF91c2VyX2hhc2giOiI2MTM3MDQ5ZGRkODY0Y2ZmZWJiOTUyZmY2NGE1YjhiZjFmYTRiMWFiIn0=','2020-07-30 01:30:58.970014');
INSERT INTO django_session VALUES('f8rt5lgjaubh13mrafwmah74xpnx5sst','NDdhMTJjZmE5Mzc1MWM1NmUyZTg3NjJhY2EyMzMxYjMzZWIyNTI2NTp7Il9hdXRoX3VzZXJfaWQiOiIxIiwiX2F1dGhfdXNlcl9iYWNrZW5kIjoiZGphbmdvLmNvbnRyaWIuYXV0aC5iYWNrZW5kcy5Nb2RlbEJhY2tlbmQiLCJfYXV0aF91c2VyX2hhc2giOiI2MTM3MDQ5ZGRkODY0Y2ZmZWJiOTUyZmY2NGE1YjhiZjFmYTRiMWFiIn0=','2020-07-30 01:30:59.115151');
INSERT INTO django_session VALUES('uwhf0j7ogx34xp9qs5dbv8ri42qvefr2','NDdhMTJjZmE5Mzc1MWM1NmUyZTg3NjJhY2EyMzMxYjMzZWIyNTI2NTp7Il9hdXRoX3VzZXJfaWQiOiIxIiwiX2F1dGhfdXNlcl9iYWNrZW5kIjoiZGphbmdvLmNvbnRyaWIuYXV0aC5iYWNrZW5kcy5Nb2RlbEJhY2tlbmQiLCJfYXV0aF91c2VyX2hhc2giOiI2MTM3MDQ5ZGRkODY0Y2ZmZWJiOTUyZmY2NGE1YjhiZjFmYTRiMWFiIn0=','2020-07-30 01:30:59.261412');
INSERT INTO django_session VALUES('4yudns0729ggioyvg0k7wb060i45c9fe','NDdhMTJjZmE5Mzc1MWM1NmUyZTg3NjJhY2EyMzMxYjMzZWIyNTI2NTp7Il9hdXRoX3VzZXJfaWQiOiIxIiwiX2F1dGhfdXNlcl9iYWNrZW5kIjoiZGphbmdvLmNvbnRyaWIuYXV0aC5iYWNrZW5kcy5Nb2RlbEJhY2tlbmQiLCJfYXV0aF91c2VyX2hhc2giOiI2MTM3MDQ5ZGRkODY0Y2ZmZWJiOTUyZmY2NGE1YjhiZjFmYTRiMWFiIn0=','2020-07-30 01:30:59.409132');
INSERT INTO django_session VALUES('bcmoxwv65h5f5e9y8ctxwxrdbww190f9','NDdhMTJjZmE5Mzc1MWM1NmUyZTg3NjJhY2EyMzMxYjMzZWIyNTI2NTp7Il9hdXRoX3VzZXJfaWQiOiIxIiwiX2F1dGhfdXNlcl9iYWNrZW5kIjoiZGphbmdvLmNvbnRyaWIuYXV0aC5iYWNrZW5kcy5Nb2RlbEJhY2tlbmQiLCJfYXV0aF91c2VyX2hhc2giOiI2MTM3MDQ5ZGRkODY0Y2ZmZWJiOTUyZmY2NGE1YjhiZjFmYTRiMWFiIn0=','2020-07-30 01:49:07.425157');
INSERT INTO django_session VALUES('agot0k983gacca4kya7b26br0dkaoo1j','NDdhMTJjZmE5Mzc1MWM1NmUyZTg3NjJhY2EyMzMxYjMzZWIyNTI2NTp7Il9hdXRoX3VzZXJfaWQiOiIxIiwiX2F1dGhfdXNlcl9iYWNrZW5kIjoiZGphbmdvLmNvbnRyaWIuYXV0aC5iYWNrZW5kcy5Nb2RlbEJhY2tlbmQiLCJfYXV0aF91c2VyX2hhc2giOiI2MTM3MDQ5ZGRkODY0Y2ZmZWJiOTUyZmY2NGE1YjhiZjFmYTRiMWFiIn0=','2020-07-30 02:11:25.517700');
INSERT INTO django_session VALUES('0hfp81xczl85xzb4d6isnsx60v9lv79m','NDdhMTJjZmE5Mzc1MWM1NmUyZTg3NjJhY2EyMzMxYjMzZWIyNTI2NTp7Il9hdXRoX3VzZXJfaWQiOiIxIiwiX2F1dGhfdXNlcl9iYWNrZW5kIjoiZGphbmdvLmNvbnRyaWIuYXV0aC5iYWNrZW5kcy5Nb2RlbEJhY2tlbmQiLCJfYXV0aF91c2VyX2hhc2giOiI2MTM3MDQ5ZGRkODY0Y2ZmZWJiOTUyZmY2NGE1YjhiZjFmYTRiMWFiIn0=','2020-07-30 02:11:40.811683');
INSERT INTO django_session VALUES('zg43to96g66oh28394d1oeo9om91tb4o','NDdhMTJjZmE5Mzc1MWM1NmUyZTg3NjJhY2EyMzMxYjMzZWIyNTI2NTp7Il9hdXRoX3VzZXJfaWQiOiIxIiwiX2F1dGhfdXNlcl9iYWNrZW5kIjoiZGphbmdvLmNvbnRyaWIuYXV0aC5iYWNrZW5kcy5Nb2RlbEJhY2tlbmQiLCJfYXV0aF91c2VyX2hhc2giOiI2MTM3MDQ5ZGRkODY0Y2ZmZWJiOTUyZmY2NGE1YjhiZjFmYTRiMWFiIn0=','2020-07-30 02:11:56.197704');
INSERT INTO django_session VALUES('xotz8gjfrfwnswatm6iu3m6p0um9m9tu','NDdhMTJjZmE5Mzc1MWM1NmUyZTg3NjJhY2EyMzMxYjMzZWIyNTI2NTp7Il9hdXRoX3VzZXJfaWQiOiIxIiwiX2F1dGhfdXNlcl9iYWNrZW5kIjoiZGphbmdvLmNvbnRyaWIuYXV0aC5iYWNrZW5kcy5Nb2RlbEJhY2tlbmQiLCJfYXV0aF91c2VyX2hhc2giOiI2MTM3MDQ5ZGRkODY0Y2ZmZWJiOTUyZmY2NGE1YjhiZjFmYTRiMWFiIn0=','2020-07-30 02:12:46.220586');
INSERT INTO django_session VALUES('jf9qgo6d3xs1vadorqnf14unulzbhttr','NDdhMTJjZmE5Mzc1MWM1NmUyZTg3NjJhY2EyMzMxYjMzZWIyNTI2NTp7Il9hdXRoX3VzZXJfaWQiOiIxIiwiX2F1dGhfdXNlcl9iYWNrZW5kIjoiZGphbmdvLmNvbnRyaWIuYXV0aC5iYWNrZW5kcy5Nb2RlbEJhY2tlbmQiLCJfYXV0aF91c2VyX2hhc2giOiI2MTM3MDQ5ZGRkODY0Y2ZmZWJiOTUyZmY2NGE1YjhiZjFmYTRiMWFiIn0=','2020-07-30 02:13:04.935007');
INSERT INTO django_session VALUES('v8qs1magefdm1phxal4k7qi7g92p87t9','NDdhMTJjZmE5Mzc1MWM1NmUyZTg3NjJhY2EyMzMxYjMzZWIyNTI2NTp7Il9hdXRoX3VzZXJfaWQiOiIxIiwiX2F1dGhfdXNlcl9iYWNrZW5kIjoiZGphbmdvLmNvbnRyaWIuYXV0aC5iYWNrZW5kcy5Nb2RlbEJhY2tlbmQiLCJfYXV0aF91c2VyX2hhc2giOiI2MTM3MDQ5ZGRkODY0Y2ZmZWJiOTUyZmY2NGE1YjhiZjFmYTRiMWFiIn0=','2020-07-30 02:13:42.963469');
INSERT INTO django_session VALUES('76tlx7jg95sq1wlyvifdkvsfil1b7290','NDdhMTJjZmE5Mzc1MWM1NmUyZTg3NjJhY2EyMzMxYjMzZWIyNTI2NTp7Il9hdXRoX3VzZXJfaWQiOiIxIiwiX2F1dGhfdXNlcl9iYWNrZW5kIjoiZGphbmdvLmNvbnRyaWIuYXV0aC5iYWNrZW5kcy5Nb2RlbEJhY2tlbmQiLCJfYXV0aF91c2VyX2hhc2giOiI2MTM3MDQ5ZGRkODY0Y2ZmZWJiOTUyZmY2NGE1YjhiZjFmYTRiMWFiIn0=','2020-07-30 02:13:55.439550');
INSERT INTO django_session VALUES('yw5kz4v8gmjg00pm1jwwtmfkkldxpqum','NDdhMTJjZmE5Mzc1MWM1NmUyZTg3NjJhY2EyMzMxYjMzZWIyNTI2NTp7Il9hdXRoX3VzZXJfaWQiOiIxIiwiX2F1dGhfdXNlcl9iYWNrZW5kIjoiZGphbmdvLmNvbnRyaWIuYXV0aC5iYWNrZW5kcy5Nb2RlbEJhY2tlbmQiLCJfYXV0aF91c2VyX2hhc2giOiI2MTM3MDQ5ZGRkODY0Y2ZmZWJiOTUyZmY2NGE1YjhiZjFmYTRiMWFiIn0=','2020-07-30 02:14:14.464168');
INSERT INTO django_session VALUES('5eowdru32gd822me6y0m0gnvld6ssueh','NDdhMTJjZmE5Mzc1MWM1NmUyZTg3NjJhY2EyMzMxYjMzZWIyNTI2NTp7Il9hdXRoX3VzZXJfaWQiOiIxIiwiX2F1dGhfdXNlcl9iYWNrZW5kIjoiZGphbmdvLmNvbnRyaWIuYXV0aC5iYWNrZW5kcy5Nb2RlbEJhY2tlbmQiLCJfYXV0aF91c2VyX2hhc2giOiI2MTM3MDQ5ZGRkODY0Y2ZmZWJiOTUyZmY2NGE1YjhiZjFmYTRiMWFiIn0=','2020-07-30 02:14:44.040159');
INSERT INTO django_session VALUES('otlmqi0ljkkbnkk0bfukchpi5rioa3ct','NDdhMTJjZmE5Mzc1MWM1NmUyZTg3NjJhY2EyMzMxYjMzZWIyNTI2NTp7Il9hdXRoX3VzZXJfaWQiOiIxIiwiX2F1dGhfdXNlcl9iYWNrZW5kIjoiZGphbmdvLmNvbnRyaWIuYXV0aC5iYWNrZW5kcy5Nb2RlbEJhY2tlbmQiLCJfYXV0aF91c2VyX2hhc2giOiI2MTM3MDQ5ZGRkODY0Y2ZmZWJiOTUyZmY2NGE1YjhiZjFmYTRiMWFiIn0=','2020-07-30 02:15:31.494307');
INSERT INTO django_session VALUES('1vdi4pxfed82npgzqpiyi5m4bnuxfiyz','NDdhMTJjZmE5Mzc1MWM1NmUyZTg3NjJhY2EyMzMxYjMzZWIyNTI2NTp7Il9hdXRoX3VzZXJfaWQiOiIxIiwiX2F1dGhfdXNlcl9iYWNrZW5kIjoiZGphbmdvLmNvbnRyaWIuYXV0aC5iYWNrZW5kcy5Nb2RlbEJhY2tlbmQiLCJfYXV0aF91c2VyX2hhc2giOiI2MTM3MDQ5ZGRkODY0Y2ZmZWJiOTUyZmY2NGE1YjhiZjFmYTRiMWFiIn0=','2020-07-30 02:16:07.102133');
INSERT INTO django_session VALUES('4cvojflcdi2lh9ldl314qai3smecyrtd','OTc1NmFhYjM3MjNmYzRjMGExMjBkOWQ0ZTNmNjNjMjk0M2UyNTZjYzp7Il9hdXRoX3VzZXJfaWQiOiIxIiwiX2F1dGhfdXNlcl9iYWNrZW5kIjoiZGphbmdvLmNvbnRyaWIuYXV0aC5iYWNrZW5kcy5Nb2RlbEJhY2tlbmQiLCJfYXV0aF91c2VyX2hhc2giOiIyZTJjOTVkOGVhNTA5Mzg3YWRlN2U2NjdlYmYzY2ZhMzM2N2JhNmVhIn0=','2020-07-30 10:41:35.409016');
DELETE FROM sqlite_sequence;
INSERT INTO sqlite_sequence VALUES('django_migrations',17);
INSERT INTO sqlite_sequence VALUES('django_admin_log',0);
INSERT INTO sqlite_sequence VALUES('django_content_type',6);
INSERT INTO sqlite_sequence VALUES('auth_permission',24);
INSERT INTO sqlite_sequence VALUES('auth_user',1);
INSERT INTO sqlite_sequence VALUES('auth_group',0);
CREATE UNIQUE INDEX "auth_group_permissions_group_id_permission_id_0cd325b0_uniq" ON "auth_group_permissions" ("group_id", "permission_id");
CREATE INDEX "auth_group_permissions_group_id_b120cbf9" ON "auth_group_permissions" ("group_id");
CREATE INDEX "auth_group_permissions_permission_id_84c5c92e" ON "auth_group_permissions" ("permission_id");
CREATE UNIQUE INDEX "auth_user_groups_user_id_group_id_94350c0c_uniq" ON "auth_user_groups" ("user_id", "group_id");
CREATE INDEX "auth_user_groups_user_id_6a12ed8b" ON "auth_user_groups" ("user_id");
CREATE INDEX "auth_user_groups_group_id_97559544" ON "auth_user_groups" ("group_id");
CREATE UNIQUE INDEX "auth_user_user_permissions_user_id_permission_id_14a6b632_uniq" ON "auth_user_user_permissions" ("user_id", "permission_id");
CREATE INDEX "auth_user_user_permissions_user_id_a95ead1b" ON "auth_user_user_permissions" ("user_id");
CREATE INDEX "auth_user_user_permissions_permission_id_1fbb5f2c" ON "auth_user_user_permissions" ("permission_id");
CREATE INDEX "django_admin_log_content_type_id_c4bce8eb" ON "django_admin_log" ("content_type_id");
CREATE INDEX "django_admin_log_user_id_c564eba6" ON "django_admin_log" ("user_id");
CREATE UNIQUE INDEX "django_content_type_app_label_model_76bd3d3b_uniq" ON "django_content_type" ("app_label", "model");
CREATE UNIQUE INDEX "auth_permission_content_type_id_codename_01ab375a_uniq" ON "auth_permission" ("content_type_id", "codename");
CREATE INDEX "auth_permission_content_type_id_2f476e4b" ON "auth_permission" ("content_type_id");
CREATE INDEX "django_session_expire_date_a5c62663" ON "django_session" ("expire_date");
COMMIT;
